Workbook

Sheet INFO
A1: Fecha envio dra | B1: Documento | C1: Paciente | D1: CONCATENAR | E1: Fecha de Inicio | F1: Fecha de Fin | G1: Total de Días | H1: Dias | I1: EPS | J1: Observacion | K1: DX | L1: FECHA | M1: ORDEN | N1: PRORROGA | O1: Tipo Incapacidad | P1: Grupo Servicio

Sheet PLANTILLAS
B3: EPS SURAMERICANA S.A. 800088702
B4: PRESCRIPCIÓN DE INCAPACIDAD/LICENCIA DE MATERNIDAD
B5: Fecha | C5: =INFO!L2 -> 0 | E5: IPS Atiende | F5: SALUDSURA BOGOTA 81007832
B6: Afiliado | C6: =INFO!D2 -> 0 | E6: EPS Afiliado | F6: =INFO!I2 -> 0
B7: Diagnóstico Principal | C7: =INFO!K2 -> 0 | E7: Diagnóstico Relacionado
B8: Causa Servicio | C8: ENF GENERAL | D8: Origen | F8: Común | G8: Prórroga | H8: =INFO!N2 -> 0
B9: Fecha Inicio | C9: =INFO!E2 -> 0 | D9: Duración | E9: =INFO!G2 -> 0 | G9: Fecha Fin | H9: =INFO!F2 -> 0
B10: Tipo Generación | C10: TRANSCRIPCION | E10: Nro. Prescripción a Sustituir | G10: =INFO!M2 -> 0
B11: Modalidad Prestación | D11: Intramural | E11: Incapacidad retroactiva | G11: NO
B12: Tipo Incapacidad | D12: =INFO!O2 -> 0 | E12: Grupo Servicio | G12: =INFO!P2 -> 0
B13: INFORMACIÓN DEL PROFESIONAL
B14: Profesional Responsable | C14: Karen Marcela Cervantes Moreno
B16: Registro Médico | C16: 52536967
B17: Institución que Expide | C17: CC- 99999 SURAMERICANA POLIZAS | G17: Reps | H17: 110010778209
B18: Afiliado: | C18: SURA
B19: Empleador o Trabajador Independiente | C19: SURAMERICANA SEGUROS.
B34: EPS SURAMERICANA S.A. 800088702
B35: PRESCRIPCIÓN DE INCAPACIDAD/LICENCIA DE MATERNIDAD
B36: Fecha | C36: =INFO!L3 -> 0 | E36: IPS Atiende | F36: SALUDSURA BOGOTA 81007832
B37: Afiliado | C37: =INFO!D3 -> 0 | E37: EPS Afiliado | F37: =INFO!I3 -> 0
B38: Diagnóstico Principal | C38: =INFO!K3 -> 0 | E38: Diagnóstico Relacionado
B39: Causa Servicio | C39: ENF GENERAL | D39: Origen | F39: Común | G39: Prórroga | H39: =INFO!N3 -> 0
B40: Fecha Inicio | C40: =INFO!E3 -> 0 | D40: Duración | E40: =INFO!G3 -> 0 | G40: Fecha Fin | H40: =INFO!F3 -> 0
B41: Tipo Generación | C41: TRANSCRIPCION | E41: Nro. Prescripción a Sustituir | G41: =INFO!M3 -> 0
B42: Modalidad Prestación | D42: Intramural | E42: Incapacidad retroactiva | G42: NO
B43: Tipo Incapacidad | D43: =INFO!O3 -> 0 | E43: Grupo Servicio | G43: =INFO!P3 -> 0
B44: INFORMACIÓN DEL PROFESIONAL
B45: Profesional Responsable | C45: Karen Marcela Cervantes Moreno
B47: Registro Médico | C47: 52536967
B48: Institución que Expide | C48: CC- 99999 SURAMERICANA POLIZAS | G48: Reps | H48: 110010778209
B49: Afiliado: | C49: SURA
B50: Empleador o Trabajador Independiente | C50: SURAMERICANA SEGUROS.
B66: EPS SURAMERICANA S.A. 800088702
B67: PRESCRIPCIÓN DE INCAPACIDAD/LICENCIA DE MATERNIDAD
B68: Fecha | C68: =INFO!L4 -> 0 | E68: IPS Atiende | F68: SALUDSURA BOGOTA 81007832
B69: Afiliado | C69: =INFO!D4 -> 0 | E69: EPS Afiliado | F69: =INFO!I4 -> 0
B70: Diagnóstico Principal | C70: =INFO!K4 -> 0 | E70: Diagnóstico Relacionado
B71: Causa Servicio | C71: ENF GENERAL | D71: Origen | F71: Común | G71: Prórroga | H71: =INFO!N4 -> 0
B72: Fecha Inicio | C72: =INFO!E4 -> 0 | D72: Duración | E72: =INFO!G4 -> 0 | G72: Fecha Fin | H72: =INFO!F4 -> 0
B73: Tipo Generación | C73: TRANSCRIPCION | E73: Nro. Prescripción a Sustituir | G73: =INFO!M4 -> 0
B74: Modalidad Prestación | D74: Intramural | E74: Incapacidad retroactiva | G74: NO
B75: Tipo Incapacidad | D75: =INFO!O4 -> 0 | E75: Grupo Servicio | G75: =INFO!P4 -> 0
B76: INFORMACIÓN DEL PROFESIONAL
B77: Profesional Responsable | C77: Karen Marcela Cervantes Moreno
B79: Registro Médico | C79: 52536967
B80: Institución que Expide | C80: CC- 99999 SURAMERICANA POLIZAS | G80: Reps | H80: 110010778209
B81: Afiliado: | C81: SURA
B82: Empleador o Trabajador Independiente | C82: SURAMERICANA SEGUROS.
B98: EPS SURAMERICANA S.A. 800088702
B99: PRESCRIPCIÓN DE INCAPACIDAD/LICENCIA DE MATERNIDAD
B100: Fecha | C100: =INFO!L5 -> 0 | E100: IPS Atiende | F100: SALUDSURA BOGOTA 81007832
B101: Afiliado | C101: =INFO!D5 -> 0 | E101: EPS Afiliado | F101: =INFO!I5 -> 0
B102: Diagnóstico Principal | C102: =INFO!K5 -> 0 | E102: Diagnóstico Relacionado
B103: Causa Servicio | C103: ENF GENERAL | D103: Origen | F103: Común | G103: Prórroga | H103: =INFO!N5 -> 0
B104: Fecha Inicio | C104: =INFO!E5 -> 0 | D104: Duración | E104: =INFO!G5 -> 0 | G104: Fecha Fin | H104: =INFO!F5 -> 0
B105: Tipo Generación | C105: TRANSCRIPCION | E105: Nro. Prescripción a Sustituir | G105: =INFO!M5 -> 0
B106: Modalidad Prestación | D106: Intramural | E106: Incapacidad retroactiva | G106: NO
B107: Tipo Incapacidad | D107: =INFO!O5 -> 0 | E107: Grupo Servicio | G107: =INFO!P5 -> 0
B108: INFORMACIÓN DEL PROFESIONAL
B109: Profesional Responsable | C109: Karen Marcela Cervantes Moreno
B111: Registro Médico | C111: 52536967
B112: Institución que Expide | C112: CC- 99999 SURAMERICANA POLIZAS | G112: Reps | H112: 110010778209
B113: Afiliado: | C113: SURA
B114: Empleador o Trabajador Independiente | C114: SURAMERICANA SEGUROS.
B129: EPS SURAMERICANA S.A. 800088702
B130: PRESCRIPCIÓN DE INCAPACIDAD/LICENCIA DE MATERNIDAD
B131: Fecha | C131: =INFO!L6 -> 0 | E131: IPS Atiende | F131: SALUDSURA BOGOTA 81007832
B132: Afiliado | C132: =INFO!D6 -> 0 | E132: EPS Afiliado | F132: =INFO!I6 -> 0
B133: Diagnóstico Principal | C133: =INFO!K6 -> 0 | E133: Diagnóstico Relacionado
B134: Causa Servicio | C134: ENF GENERAL | D134: Origen | F134: Común | G134: Prórroga | H134: =INFO!N6 -> 0
B135: Fecha Inicio | C135: =INFO!E6 -> 0 | D135: Duración | E135: =INFO!G6 -> 0 | G135: Fecha Fin | H135: =INFO!F6 -> 0
B136: Tipo Generación | C136: TRANSCRIPCION | E136: Nro. Prescripción a Sustituir | G136: =INFO!M6 -> 0
B137: Modalidad Prestación | D137: Intramural | E137: Incapacidad retroactiva | G137: NO
B138: Tipo Incapacidad | D138: =INFO!O6 -> 0 | E138: Grupo Servicio | G138: =INFO!P6 -> 0
B139: INFORMACIÓN DEL PROFESIONAL
B140: Profesional Responsable | C140: Karen Marcela Cervantes Moreno
B142: Registro Médico | C142: 52536967
B143: Institución que Expide | C143: CC- 99999 SURAMERICANA POLIZAS | G143: Reps | H143: 110010778209
B144: Afiliado: | C144: SURA
B145: Empleador o Trabajador Independiente | C145: SURAMERICANA SEGUROS.
B161: EPS SURAMERICANA S.A. 800088702
B162: PRESCRIPCIÓN DE INCAPACIDAD/LICENCIA DE MATERNIDAD
B163: Fecha | C163: =INFO!L7 -> 0 | E163: IPS Atiende | F163: SALUDSURA BOGOTA 81007832
B164: Afiliado | C164: =INFO!D7 -> 0 | E164: EPS Afiliado | F164: =INFO!I7 -> 0
B165: Diagnóstico Principal | C165: =INFO!K7 -> 0 | E165: Diagnóstico Relacionado
B166: Causa Servicio | C166: ENF GENERAL | D166: Origen | F166: Común | G166: Prórroga | H166: =INFO!N7 -> 0
B167: Fecha Inicio | C167: =INFO!E7 -> 0 | D167: Duración | E167: =INFO!G7 -> 0 | G167: Fecha Fin | H167: =INFO!F7 -> 0
B168: Tipo Generación | C168: TRANSCRIPCION | E168: Nro. Prescripción a Sustituir | G168: =INFO!M7 -> 0
B169: Modalidad Prestación | D169: Intramural | E169: Incapacidad retroactiva | G169: NO
B170: Tipo Incapacidad | D170: =INFO!O7 -> 0 | E170: Grupo Servicio | G170: =INFO!P7 -> 0
B171: INFORMACIÓN DEL PROFESIONAL
B172: Profesional Responsable | C172: Karen Marcela Cervantes Moreno
B174: Registro Médico | C174: 52536967
B175: Institución que Expide | C175: CC- 99999 SURAMERICANA POLIZAS | G175: Reps | H175: 110010778209
B176: Afiliado: | C176: SURA
B177: Empleador o Trabajador Independiente | C177: SURAMERICANA SEGUROS.
B192: EPS SURAMERICANA S.A. 800088702
B193: PRESCRIPCIÓN DE INCAPACIDAD/LICENCIA DE MATERNIDAD
B194: Fecha | C194: =INFO!L8 -> 0 | E194: IPS Atiende | F194: SALUDSURA BOGOTA 81007832
B195: Afiliado | C195: =INFO!D8 -> 0 | E195: EPS Afiliado | F195: =INFO!I8 -> 0
...
